score,clip_similarity,spearman_r,p_value
calm,clip_calm_sim,0.5099814291018905,1.18445884807049e-44
stress,clip_stress_sim,0.3527920543729715,1.2445218012366391e-20
calm,clip_stress_sim,-0.24163634185352095,3.7173615355000453e-10
stress,clip_calm_sim,-0.42192272616697635,1.1707990083156961e-29
