sample,human_score,model_score,spearman_r,p_value
full_40,stress_h,stress,0.8135227830100793,1.7670916703924514e-10
full_40,calm_h,calm,0.5775888451697442,9.524768723091556e-05
full_40,safety_h,safety,0.6784432674345624,1.5026239262716968e-06
full_40,vitality_h,vitality,0.45599478229322943,0.0031052811094408337
random_20_primary,stress_h,stress,0.7580294022300765,0.00010783796272125782
random_20_primary,calm_h,calm,0.6455694602001323,0.0021101958382255055
random_20_primary,safety_h,safety,0.5777658986984611,0.00763142712109766
random_20_primary,vitality_h,vitality,0.4613749485529218,0.04059480443652671
